{"nodes":{"node:1":{"location":{"x":326,"y":-31}},"node:3":{"location":{"x":-154,"y":-145}}},"selection":null,"view":{"scroll":{"x":-185.503463745117188,"y":-181.250320434570312},"zoom":1}}